{
	"name": "Kux-Modifications",
	"version": "2.3.0",
	"factorio_version": "1.1",
	"title": "Kuxynator's Modifications",
	"author": "Kuxynator",	
	"homepage": "https://fb.me/kuxynator.factorio",	
	"dependencies": [
		"base",
		"? railloader",
		"? advanced-combinator",
		"? attach-notes",
		"? Kux-Power-Poles",
		"? deadlock_stacked_recipes",
		"? Kux-Deadlock-Stacking-Bio_Industries",
		"? DeadlockStackingForVanilla",
		"? DeadlockStackingForKrastorio2",
		"? Deadlock-SE-bridge",
		"? Krastorio2",
		"? robot_attrition",
		"! PlacePump",
		"? AEAA593E-CC01-490C-BFB5-DE8E5023B5A6",
		"? JunkTrain3",
		"? Kux-LogisticsCenterCS",
		"? Surfaces_Reloaded",
		"? SchallLampContrast",
		"? homeworld_redux",
		"? Bio_Industries",
		"? nullius",
		"? assembler-pipe-passthrough",
		"? Transport_Drones"
	],
	"description": "Kuxynator's personal modifications."
}